;Tit Publicos;Adeltantos Transitorios;BM;Cuasimonedas;Circulante;CPP;CB;R;Depositos;Cta Corriente;M1;Cta Ahorro;M2;Deposito plazo;M3;Lebac;LeLiq;Pases Netos;Var. BM;Neto compra divisas;Oper con el Tesoro;Pases y Redescuentos;LEBAC-NOBAC;Rescate Cuasimonedas;Otros-Var.BM
2004-01-01;7856;7369;47004;31;29205;25987;3219;17767;85566;22711;50155;13916;64071;47482;111553;39499;;-45;602;1428;125;-205;-935;155;34
2004-02-01;7708;7369;46889;4;28935;26013;2922;17950;87510;23565;50785;15403;66189;47334;113523;43330;;-44;-101;142;311;-52;-566;;64
2004-03-01;7918;6869;44567;1;29265;26206;3058;15302;85608;22505;50549;15263;65813;46002;111815;45453;;-45;-1260;-2665;1399;-25;-342;;373
2004-04-01;8420;6869;46092;;29581;26292;3289;16511;87933;24055;52119;16182;68301;45924;114225;48174;;-40;1432;2200;14;-107;-661;;-15
2004-05-01;8347;6869;47122;;29978;26823;3155;17144;89851;26201;54620;16520;71141;45534;116674;50611;;5;586;1348;3;-450;-367;;52
2004-06-01;8093;8099;47984;;30759;27427;3332;17225;92949;27202;56532;16911;73443;46933;120376;56375;;535;976;771;1245;-910;-200;;71
2004-07-01;8042;8099;46495;;32167;28749;3418;14328;94819;27572;57765;18272;76037;47530;123567;74405;;3604;-1565;1815;-167;-2806;-248;;-159
2004-08-01;8365;8849;46507;;32112;28835;3277;14395;96465;27398;56782;20402;77184;48116;125300;77169;;3928;344;193;-29;-472;388;;265
2004-09-01;8491;9599;46335;;32023;28746;3277;14313;97961;27155;56613;20687;77301;49406;126707;78534;;4703;127;-531;662;-286;-255;;537
2004-10-01;8737;10631;46560;;32121;28736;3385;14439;99083;28020;57026;20674;77700;50119;127819;82653;;5513;-1644;-94;930;-2379;-159;;59
2004-11-01;8446;11488;47131;;32442;29108;3334;14689;100994;28535;59208;19647;78855;51247;130102;89287;;5748;2785;1560;690;598;-125;;61
2004-12-01;8505;13309;50537;;35838;31702;4136;14699;102121;30036;64468;18789;83257;50567;133823;86552;;5491;3802;2367;1897;-112;-409;;60
2005-01-01;8228;13309;50094;;36365;32636;3728;13730;104091;30153;62999;21747;84746;51981;136728;98072;;7571;-3115;932;-28;-3373;-651;;4
2005-02-01;8359;13118;49467;;35779;32197;3582;13688;104934;29173;61984;21073;83058;54073;137131;104259;;7105;301;1175;-394;367;-736;;-110
2005-03-01;8379;13118;49779;;36253;32576;3677;13526;106202;29300;62635;21300;83935;55855;139790;106975;;5211;539;404;-100;1169;-1097;;163
2005-04-01;8151;14318;49923;;36597;32847;3750;13326;107381;29775;63991;20461;84452;55776;140228;104458;;5353;-357;774;1188;-1788;-554;;23
2005-05-01;7952;14288;50981;;37361;33587;3773;13621;109637;30881;65746;21004;86750;56474;143224;99415;;5209;2297;4814;-1519;-10;-928;;-59
2005-06-01;7681;13888;51522;;38645;34648;3997;12877;111852;31059;66761;22300;89060;57440;146501;117230;;5633;-718;4763;-194;-1204;-3947;;-136
2005-07-01;7768;14938;54367;;40709;36543;4167;13658;113097;31322;68123;24590;92714;56926;149639;117851;;4881;2969;2806;-327;1155;-843;;178
2005-08-01;7693;14938;54165;;41117;37046;4071;13049;114311;31239;68744;24609;93353;58003;151357;128458;;7096;1136;3666;-7;-2229;-412;;119
2005-09-01;7574;15458;53118;;41502;37464;4038;11616;115274;31421;68810;24726;93537;59202;152738;138802;;7400;-2886;1487;-57;-2678;-1900;;262
2005-10-01;7609;15848;55092;;42400;38248;4153;12692;116531;32224;71746;23872;95618;59161;154779;129357;;4811;3267;925;816;1296;120;;109
2005-11-01;7677;13763;55906;;43207;39026;4181;12699;118430;33363;74181;23371;97552;59904;157456;130025;;4570;-18;1476;-2357;-524;1371;;17
2005-12-01;8701;15998;55827;;46008;41320;4688;9819;120916;37075;82064;21801;103865;58371;162236;133247;;5422;-1181;1918;713;-3448;-452;;87
2006-01-01;36433;15998;59355;;47136;42717;4419;12218;122484;37655;79900;26435;106335;58865;165201;119118;;3537;5078;2223;-578;2360;1335;;-261
2006-02-01;36365;14998;58426;;46643;42259;4384;11783;122918;35913;78570;26648;105218;59959;165177;125761;;4142;-2525;1048;697;-3335;-983;;48
2006-03-01;37809;14998;58490;;46576;42222;4355;11914;124205;36269;78474;27690;106164;60263;166426;130468;;2608;1827;2675;241;170;-1140;;-119
2006-04-01;37699;14998;60229;;47288;42610;4678;12941;125259;36066;79752;25497;105249;62621;167870;135046;;2933;1444;3735;109;-1649;-761;;11
2006-05-01;37662;14998;61105;;47442;42955;4487;13663;129143;37940;81602;26859;108461;63638;172099;152492;;5305;-338;4058;-238;-3060;-1105;;8
2006-06-01;36549;13598;62726;;48598;43870;4728;14128;132705;39535;85015;24751;109767;66809;176576;154793;;5549;3367;3585;-834;1848;-1306;;75
2006-07-01;37274;13598;65135;;50729;46006;4722;14406;134945;38804;86263;26619;112882;68070;180952;159163;;4733;1130;3603;-109;-800;-1604;;40
2006-08-01;36985;14798;67267;;50822;46354;4469;16445;137089;38601;85665;26268;111933;71510;183443;169748;;4969;923;2808;1075;-739;-2241;;20
2006-09-01;37374;14808;69160;;50901;46730;4171;18259;139395;38950;87104;25281;112385;73739;186125;169681;;2983;3811;1986;-190;2668;-677;;24
2006-10-01;35326;14807;70174;;51621;47337;4283;18554;142018;40247;88505;26228;114733;74622;189355;173604;;3252;-1535;2726;-141;-2605;-1484;;-31
2006-11-01;35392;14915;71843;;52248;47850;4398;19595;145906;42680;93605;24150;117755;76001;193756;177606;;3318;5146;4303;-162;1631;-665;;38
2006-12-01;35785;18330;76825;;56158;50955;5203;20667;148818;44181;98458;25118;123576;76197;199772;168613;;1666;7027;4491;607;1065;883;;-20
2007-01-01;35723;16530;78063;;57550;52738;4812;20513;151901;45051;98137;28375;126512;78127;204639;187990;;4037;-3737;3887;-299;-4347;-3036;;58
2007-02-01;35640;18330;76906;;57333;52628;4705;19573;154749;44784;98646;27729;126376;81001;207377;211717;;5507;-1001;2626;1098;-1044;-3704;;23
2007-03-01;35639;18330;78363;;58136;53226;4910;20227;156706;44593;98074;28620;126694;83238;209932;215544;;4059;3469;5047;-392;986;-2213;;41
2007-04-01;35572;18330;79688;;58909;53687;5222;20779;159481;46067;102386;26779;129165;84003;213168;233389;;5294;-1064;4934;109;-4192;-1995;;81
2007-05-01;35591;18330;81024;;59448;54529;4918;21576;163629;48460;103299;29631;132930;85228;218158;254520;;5682;784;5442;-1743;1187;-4152;;50
2007-06-01;35461;18330;83650;;61486;56288;5198;22163;164912;47091;106188;28182;134370;86830;221200;260733;;3304;5157;6191;-514;1305;-1970;;146
2007-07-01;35388;18330;87663;;64972;59471;5501;22691;167664;47717;108122;32114;140237;86898;227135;258283;;2530;6016;1639;251;3554;447;;126
2007-08-01;35818;18330;88327;;65224;59745;5478;23103;170330;46927;104698;34649;139347;90729;230076;256331;;2504;-2240;-5259;2714;-1189;1402;;93
2007-09-01;36949;18330;87831;;64841;59334;5507;22990;172137;44572;105014;31794;136808;94662;231471;257358;;2777;-1234;-1419;326;-2019;1902;;-24
2007-10-01;36440;18330;88171;;65410;59890;5520;22761;171901;45378;105652;32706;138357;93434;231791;251729;;2241;-1071;-3240;-41;611;1637;;-37
2007-11-01;35569;17130;89509;;65728;60079;5650;23781;173493;46063;107386;32373;139759;93812;233571;241137;;1589;4620;2824;-1169;-698;3431;;231
2007-12-01;35848;21330;96358;;70577;63658;6919;25781;177288;46671;123931;21918;145849;95096;240945;229045;;2240;9212;3920;85;1463;3275;;469
2008-01-01;35087;21330;97577;;71897;65368;6529;25680;183762;52674;116888;37683;154572;94558;249129;252790;;7262;-4512;5067;85;-8422;-1290;;49
2008-02-01;35397;21330;95281;;70976;64753;6223;24305;187851;49675;112943;38947;151890;100714;252604;270745;;10414;3046;1504;-158;3546;-1917;;71
2008-03-01;35212;21330;97880;;72141;65162;6979;25739;189801;48171;115222;34599;149821;107404;257225;269794;;8348;924;794;776;-116;-658;;128
2008-04-01;34912;21330;98038;;71991;65632;6359;26047;191876;50132;118443;33992;152435;105073;257508;266913;;7719;-337;-3348;1320;896;829;;-33
2008-05-01;35244;21330;98765;;72711;66140;6571;26054;192287;52602;118054;36866;154920;103507;258427;251358;;6158;-843;-5790;318;1018;3356;;254
2008-06-01;38176;21330;100512;;73532;66433;7099;26980;191600;54215;123071;33086;156157;101876;258033;232222;;4666;4966;-3441;1686;1145;3921;;1656
2008-07-01;40933;21330;100676;;75142;68127;7015;25534;196228;55567;122768;38453;161221;103134;264355;249288;;9640;-4513;-1138;2915;-9024;1164;;1570
2008-08-01;41667;21330;100723;;74509;67424;7085;26214;199882;53543;123802;33682;157484;109821;267305;260347;;10965;1381;801;303;490;-343;;130
2008-09-01;42714;21330;101628;;74121;67268;6853;27507;204180;59124;128316;34493;162809;108638;271448;258495;;10951;2248;-399;-354;1410;386;;1205
2008-10-01;38957;21330;102453;;74463;67168;7295;27990;204180;58851;123580;38500;162081;109267;271348;243533;;8852;2021;-11388;-52;7060;3187;;3214
2008-11-01;39130;20730;101146;;74437;66922;7514;26709;200964;56892;125143;34342;159485;108401;267886;236208;;9053;-1831;1313;-418;-6184;3826;;-369
2008-12-01;42548;26580;106439;;80247;70897;9350;26192;197274;64944;144856;28342;173198;94973;268171;217820;;7885;7920;-1460;-252;2644;6732;;256
2009-01-01;43510;21580;105121;;80919;72301;8618;24202;199405;68104;138000;40346;178345;93362;271707;237640;;13174;-5181;586;37;-4683;-1550;;429
2009-02-01;40438;21480;102740;;79053;70919;8134;23687;199049;63229;133175;38516;171690;98277;269967;233042;;14443;-2060;-2951;-238;-2427;3087;;469
2009-03-01;40894;23680;101348;;77190;69038;8152;24158;197681;61695;129392;38032;167424;99294;266719;226992;;15909;-4527;-7479;1306;-2298;2723;;1221
2009-04-01;41715;26980;99835;;76423;67769;8655;23412;196306;61237;131085;35183;166268;97807;264075;219442;;15048;1968;-3612;3155;3319;-1054;;160
2009-05-01;44226;29480;100741;;76859;68640;8219;23881;199500;62723;133889;34949;168838;98113;266952;225470;;16225;322;-202;2624;-2661;405;;157
2009-06-01;46777;31880;103652;;79526;70989;8537;24126;200608;65352;136347;38805;175152;96444;271597;211596;;14847;3214;-6580;2834;3742;2935;;283
2009-07-01;47545;31930;105960;;82999;73967;9032;22961;197780;61538;136760;39213;175973;95775;271748;199476;;11798;-1666;-1271;2066;-2296;-349;;183
2009-08-01;48122;31930;105293;;82062;73321;8741;23231;201145;62851;136862;38199;175061;99405;274466;208193;;12520;3010;2062;102;3724;-2900;;23
2009-09-01;51829;31400;106268;;81784;73403;8381;24484;206216;66077;140818;37856;178674;100947;279621;215357;;10342;-672;1719;562;184;-2661;;-476
2009-10-01;52154;31980;107280;;82777;73990;8787;24503;208532;65665;141626;37518;179144;103379;282523;224288;;10566;4061;5644;503;799;-2304;;-582
2009-11-01;52539;34730;109548;;84136;75058;9078;25413;211712;65922;142882;38068;180949;105821;286770;231798;;9703;3006;3871;-303;1893;-2387;;-67
2009-12-01;50599;36580;118661;;92793;81591;11202;25868;216731;71850;164193;32603;196795;101614;298410;215549;;6925;11425;5202;3205;1495;1643;;-121
2010-01-01;51021;38380;121668;;95667;84870;10797;26001;221203;75011;161850;42263;204113;102028;306141;236475;;11430;-1032;3502;2421;-8213;1506;;-248
2010-02-01;50530;38430;119268;;93942;83644;10298;25325;224299;75263;159510;43757;203267;104746;308013;260694;;17024;-4858;-896;-126;-2479;-1296;;-61
2010-03-01;77525;38380;120224;;93297;82999;10298;26927;226904;70318;154824;42681;197505;112509;310014;252164;;13535;6153;901;970;6966;-2438;;-247
2010-04-01;76493;40180;120496;;92744;82391;10354;27752;233236;72913;156711;42507;199219;116514;315732;270935;;14766;-3135;4511;-233;-5658;-1704;;-51
2010-05-01;75271;40130;123554;;94856;84070;10786;28698;242171;73001;159228;41847;201075;125170;326245;284152;;16088;2123;5977;-123;-2247;-1593;;109
2010-06-01;76737;40180;126748;;97868;86822;11046;28880;248941;73618;166701;39574;206276;129487;335763;290758;;15802;5562;4125;105;3450;-1967;;-152
2010-07-01;78529;40130;133808;;103404;92188;11216;30405;258400;75034;171344;46454;217798;132790;350588;299584;;15021;6904;6672;2658;996;-3277;;-145
2010-08-01;79669;40130;135535;;104858;93441;11417;30678;264918;75082;171405;45939;217344;141015;358359;314682;;13267;2166;3419;2770;920;-4828;;-115
2010-09-01;81662;40130;137879;;106245;94958;11288;31633;273458;76622;175627;45598;221226;147189;368415;331254;;13087;3572;4004;-110;3972;-4094;;-200
2010-10-01;83345;40180;142096;;110620;97166;13454;31476;283312;80823;181162;48288;229450;151027;380478;339616;;12220;712;4111;2075;-4507;-799;;-167
2010-11-01;84268;40130;145411;;112838;99517;13321;32572;288860;81982;184156;48966;233122;155254;388376;342661;;12407;4999;3664;-880;2190;490;;-465
2010-12-01;84153;46180;156104;;119679;107145;12534;36410;297283;88303;223007;29081;252088;152339;404427;334659;;9305;14893;5096;11149;-697;-269;;-387
2011-01-01;115261;44430;162719;;126731;112522;14209;35978;309666;99406;204951;64859;269810;152377;422187;353752;;11744;-1803;3263;-1207;-985;-2854;;-20
2011-02-01;114952;44530;162465;;127652;112270;15382;34807;315967;90866;204658;56744;261403;166833;428235;368332;;11163;1783;3414;707;1363;-3363;;-338
2011-03-01;124064;44780;164445;;128820;113096;15724;35620;323918;92200;209656;54439;264096;172917;437012;394149;;13011;-1097;5152;3998;-6838;-3164;;-245
2011-04-01;124629;46180;167839;;129869;114356;15514;37965;331838;94280;213534;55255;268789;177405;446194;405125;;13460;8003;3769;490;5276;-1295;;-237
2011-05-01;125436;46230;171485;;131573;116304;15269;39909;342206;98915;218933;58259;277192;181318;458510;408885;;13549;5393;3516;208;1528;233;;-93
2011-06-01;124725;46180;176931;;137191;120498;16693;39737;348506;100089;224630;59068;283697;185305;469003;403737;;10119;3998;2531;-97;4065;-2275;;-226
2011-07-01;127560;46230;186025;;145172;128011;17161;40850;358553;95535;227200;69164;296364;190200;486564;386045;;6675;8327;42;2888;-603;6046;;-45
2011-08-01;127508;46230;188973;;147647;130205;17441;41324;365455;98697;232834;67255;300089;195571;495660;387863;;12029;814;-4905;5596;-4585;4833;;-125
2011-09-01;124861;50230;190570;;148674;130626;18048;41894;371038;100049;234230;64148;298378;203287;501665;373356;;10155;6862;-6313;5613;6518;1718;;-674
2011-10-01;128050;51180;191897;;149275;131509;17766;42620;374113;100677;233755;67206;300961;204660;505622;359717;;9587;-2439;-8908;1633;-308;4858;;286
2011-11-01;126140;53230;196055;;152701;135323;17377;43352;377382;100636;241781;61414;303195;209533;512728;340466;;9914;7766;264;1530;-4660;10583;;50
2011-12-01;127217;67130;210100;;165179;144288;20891;44919;382886;106893;288767;36092;324858;202316;527174;331360;;12335;24908;7746;14962;3051;-342;;-509
2012-01-01;133917;67080;220630;;170302;149948;20354;50326;398953;121060;264925;81599;346524;202377;548902;367977;;15992;-6804;4619;-179;-7352;-3808;;-85
2012-02-01;134679;68780;207845;;168650;148604;20046;39194;407013;113218;265320;73044;338365;217252;555617;435462;;26172;-10681;2241;975;-10053;-3773;;-71
2012-03-01;135627;70580;216343;;168752;149161;19592;47589;414744;113972;264720;75783;340503;223403;563906;411069;;20884;15189;3116;2982;9662;-242;;-330
2012-04-01;145305;72480;220604;;170728;150415;20313;49873;422961;114461;269824;74082;343906;229457;573364;434957;;23566;2288;4980;3606;-5016;-1452;;170
2012-05-01;146053;73930;223779;;172399;154278;18121;51378;434453;120779;285375;68969;354345;234384;588728;464390;;28392;2598;6214;1147;-3704;-1159;;100
2012-06-01;149089;75480;236884;;182783;163263;19520;54098;444059;124681;299592;73366;372957;234365;607322;423869;;19767;18646;3303;3286;11400;714;;-57
2012-07-01;170756;84530;252103;;194839;175027;19812;57263;458760;130927;313092;86230;399323;234458;633780;428471;;18977;2303;1586;8493;-7707;76;;-145
2012-08-01;172297;90230;257787;;198624;178562;20062;59161;472966;134508;313748;90193;403941;247454;651395;420378;;18016;14297;486;5909;9358;-912;;-544
2012-09-01;175671;90230;261624;;200991;180684;20307;60632;484466;127171;311564;88186;399750;265400;665150;426784;;16505;4432;549;1630;2125;177;;-50
2012-10-01;184146;92230;265214;;203871;183933;19938;61340;491373;128613;320834;83451;404285;270689;674974;427136;;17000;-73;122;2137;-3516;1224;;-40
2012-11-01;186414;103280;271961;;207562;186407;21155;64397;506310;138915;333272;85941;419213;273504;692717;438061;;17985;3543;666;10836;-10369;2705;;-294
2012-12-01;190647;127730;292138;;224207;199335;24872;67927;525028;150959;397842;57186;455028;269335;724363;406611;;16923;38692;-647;20524;15887;3129;;-201
2013-01-01;193689;127780;298282;;231168;207716;23452;67112;540194;160075;354927;120383;475310;272600;747910;449934;;21350;-19805;492;129;-9663;-10328;;-435
2013-02-01;196483;127730;292390;;229437;206093;23344;62951;544606;143520;356166;102829;458995;291704;750699;470389;;17400;3605;-1512;4592;3931;-3311;;-95
2013-03-01;200361;127730;297163;;228882;205348;23535;68277;552832;146569;357132;105264;462396;295783;758179;458524;;11756;11063;-3958;1620;14252;-613;;-238
2013-04-01;203973;127780;297658;;228053;205380;22673;69603;561268;151339;359489;107598;467087;299561;766648;463967;;14688;-14895;-1717;4096;-16609;-69;;-596
2013-05-01;205192;130280;300486;;229549;208389;21161;70935;574527;153864;366100;105448;471548;311368;782916;462657;;14737;17017;640;2664;10872;3003;;-161
2013-06-01;205675;144780;311003;;238159;214502;23657;72842;585674;159613;382143;109135;491278;308898;800176;454824;;11201;3213;-401;7151;-4504;938;;29
2013-07-01;212110;153730;323597;;249825;226678;23147;73770;594865;159904;396797;114811;511608;309934;821542;450778;;9840;10579;-1669;13602;-3516;2063;;99
2013-08-01;270551;153780;326429;;252802;229481;23321;73625;613196;167838;401245;118656;519901;322776;842677;482018;;14752;3064;-2636;7177;1268;-2892;;147
2013-09-01;270755;153730;329769;;254324;231389;22935;75443;626883;171844;414693;113332;528025;330247;858272;504593;;14953;6241;5727;6694;-1332;-4072;;-776
2013-10-01;277225;153780;335078;;258272;234464;23808;76803;640467;171788;414429;119148;533577;341025;874601;506912;;12973;-630;-4379;6002;-2667;1188;;-774
2013-11-01;286566;157780;338343;;260350;234788;25562;77991;654149;172816;419765;112915;532680;356256;888937;507157;;13539;10042;-2658;4133;4361;3298;;909
2013-12-01;301778;182600;361580;;277093;247158;29935;84484;667632;190954;496728;81694;578422;336369;914790;449292;;5957;40351;-4315;20279;15324;6256;;2807
2014-01-01;366374;182650;368236;;280739;252128;28611;87496;684666;224337;480842;133562;614403;322390;936794;485456;;10502;-13339;-12717;8515;-7334;-10746;;8942
2014-02-01;364598;182650;347707;;272779;244987;27792;74927;685968;200448;438507;138273;576780;354175;930955;618967;;17293;-19039;10924;-1741;1994;-27319;;-2896
2014-03-01;364281;189050;351349;;268829;240596;28232;82520;686422;185914;446703;112455;559158;367861;927019;619900;;11513;4210;-3217;17987;-18560;8996;;-996
2014-04-01;365737;188800;354170;;269311;239784;29527;84857;702221;191118;433975;128734;562709;379297;942005;687159;;18671;3133;12563;-8;15548;-23531;;-1439
2014-05-01;366736;196350;353311;;267033;239957;27075;86276;713941;201090;454664;119948;574612;379287;953899;745433;;12662;-3234;7217;3739;-8457;-5126;;-608
2014-06-01;368871;196350;366004;;277799;249583;28216;88205;727660;215101;484034;127886;611920;365323;977243;768592;;11154;21683;-262;19036;2406;745;;-242
2014-07-01;371840;209950;383944;;295134;266763;28371;88810;736645;210258;488899;151148;640047;363361;1003409;791575;;12072;1078;3797;14170;-1328;-14416;;-1146
2014-08-01;379636;217900;390997;;300243;270640;29603;90754;751685;217143;501206;145562;646768;375558;1022325;873612;;14742;17504;-3386;31673;-9312;-1054;;-417
2014-09-01;382220;223950;395573;;303585;274013;29572;91987;764112;221869;511352;144736;656088;382037;1038125;953635;;19954;-6878;-7625;16483;1253;-15663;;-1326
2014-10-01;413021;227400;401131;;306365;275340;31024;94765;783701;233689;528648;141409;670057;388984;1059041;973106;;18801;25121;19351;499;10792;-3056;;-2465
2014-11-01;444636;232450;407830;;309706;277349;32357;98124;804746;244887;568028;120296;688324;393771;1082095;1044962;;14970;1688;23151;8797;-24387;-5351;;-522
2014-12-01;480835;251450;442861;;338424;299390;39034;104436;840058;275630;640870;109870;750740;388706;1139446;1044812;;14702;53440;32064;8925;10588;1881;;-18
2015-01-01;487388;249550;453976;;348760;311745;37014;105216;883417;294455;571240;214145;785385;409777;1195162;1158303;;25736;-14570;-1647;4824;8625;-26262;;-110
2015-02-01;496458;251450;450670;;345720;311002;34718;104949;890653;251093;566744;174672;741415;460240;1201655;1239229;;20705;-1586;-5511;19115;307;-15375;;-122
2015-03-01;502903;257750;453065;;346136;311766;34370;106929;895991;251708;589215;153611;742826;464930;1207756;1246981;;16533;-6054;-9324;281;-10143;13825;;-693
2015-04-01;509093;262650;458015;;349860;315158;34702;108154;906106;264623;587114;172987;760101;461164;1221265;1224301;;18495;28738;4293;3445;25096;-3315;;-781
2015-05-01;511650;268350;468116;;358813;323409;35404;109301;928332;269174;609681;169912;779593;472149;1251741;1284819;;16016;-6989;7793;7557;-24763;4323;;-1898
2015-06-01;533658;272350;488049;;375412;338547;36864;112633;956949;278000;641545;174297;815842;479654;1295496;1320762;;20893;20616;15058;15853;-3871;-9494;;3069
2015-07-01;539904;282350;517033;;401685;364636;37049;115347;989327;276941;661786;199180;860966;492997;1353963;1331116;;19796;37451;-5754;21269;13512;7596;;829
2015-08-01;551509;282350;526990;;409909;372321;37588;117078;1008609;286117;670814;199556;870370;510560;1380930;1366923;;17429;-10912;-14917;18974;-11662;-2265;;-1042
2015-09-01;641636;292350;533353;;413947;377556;36391;119404;1028767;291903;685518;199643;885161;521162;1406323;1368832;;17885;20876;5958;-6690;6223;15674;;-289
2015-10-01;665619;292350;544588;;422272;382779;39493;122314;1053552;303620;701779;202427;904205;532183;1436388;1373616;;18461;13067;-25240;14891;-2892;10065;;16243
2015-11-01;682333;300650;559688;;427553;386447;41106;132134;1088325;324098;765370;167702;933073;541699;1474772;1463860;;32086;-6440;-25822;48232;-43829;11985;;2995
2015-12-01;867621;331850;622263;;458844;408595;50248;163418;1151991;375164;804666;223900;1028566;532020;1560587;1418579;;34577;87128;-14349;27914;49755;-15491;;39300
2016-01-01;785503;331850;602926;;466131;414699;51432;136795;1176661;365444;772893;243151;1016045;575315;1591360;1706184;;22853;-35557;2310;186;1740;-48869;;9076
2016-02-01;878403;327550;563460;;458864;405441;53423;104595;1167239;344206;751931;229628;981560;591121;1572680;1916585;;29301;-29195;-10518;-3599;-3534;-30617;;19073
2016-03-01;823342;337850;586879;;455314;401771;53543;131565;1157259;329977;730678;223884;954563;604468;1559030;1862212;;18746;13882;-6505;38376;-18812;12881;;-12057
2016-04-01;810593;343650;582322;;453763;398434;55328;128559;1138153;306079;710549;220354;930903;605684;1536588;1996669;;20169;-452;9459;5329;13036;-25283;;-2992
2016-05-01;801138;356050;584173;;453004;400665;52340;131168;1159240;320618;735640;215091;950730;609175;1559905;2169826;;33518;3588;59033;9261;-8646;-52141;;-3919
2016-06-01;856469;363750;618259;;459232;409024;50208;159027;1192101;322255;753914;218795;972708;628417;1601125;2270638;;35875;55076;21747;21268;-26318;35345;;3033
2016-07-01;998255;368250;671463;;483581;432160;51421;187881;1233266;316815;754947;267943;1022890;642536;1665426;2355117;;33531;29898;38992;2607;24290;-37883;;1892
2016-08-01;1004735;368250;675460;;489898;438145;51753;185562;1229038;321512;781683;239243;1020926;646257;1667183;2503741;;29376;18600;10196;37260;5139;-33719;;-276
2016-09-01;1029876;376130;681289;;492556;442114;50442;188732;1247638;326151;777678;257282;1034960;654792;1689752;2639006;;33137;2925;-12900;34654;-8975;-5973;;-3880
2016-10-01;1020063;376130;695131;;502111;447973;54138;193019;1277268;341579;803318;258805;1062123;663119;1725241;2758355;;36147;-8446;30523;-212;-13798;-29254;;4294
2016-11-01;1047506;382230;718872;;516185;457357;58828;202687;1330224;363314;854979;251241;1106220;681361;1787580;2934917;;36877;42480;49399;6018;-11935;-951;;-51
2016-12-01;1098212;382230;787895;;562993;494853;68140;224901;1397490;403233;1033908;191408;1225315;667028;1892343;2820777;;50306;104975;17383;86;3431;84209;;-134
2017-01-01;1086436;380230;815486;;599160;520087;79072;216326;1440714;431191;978753;297904;1276657;684551;1961208;2863540;;77537;6225;23836;-3673;-27475;13700;;-163
2017-02-01;1065982;392230;827036;;602748;516312;86436;224287;1492684;396548;921006;318637;1239643;768979;2008623;3015850;;130693;-13147;23573;11948;-70473;22564;;-758
2017-03-01;1060390;419730;790603;;592133;515859;76274;198469;1497749;423727;938873;322972;1261845;751800;2013645;3459202;;197325;-59989;9347;27609;-20483;-76080;;-381
2017-04-01;1074942;432230;789258;;590260;515262;74998;198997;1492438;420783;947164;312311;1259475;747284;2006759;3597167;;137700;41158;30697;12503;26291;-28167;;-167
2017-05-01;1123394;436430;784356;;587524;522494;65030;196832;1499233;419595;951433;316112;1267545;753450;2020995;3859800;;128882;-38823;17016;3807;47045;-105932;;-759
2017-06-01;1138622;478730;810230;;605679;542779;62900;204550;1537112;434409;999360;327038;1326398;751447;2077845;3937892;;108553;76016;-5;41097;-4973;39788;;109
2017-07-01;1207559;471530;850827;;644906;577868;67038;205921;1565201;419268;1016723;363581;1380304;762765;2143069;3936473;;76027;-830;11736;-976;51293;-62279;;-605
2017-08-01;1202928;471530;858888;;652200;588507;63693;206688;1570079;430166;1038542;357025;1395567;763019;2158586;3987933;;53452;6124;9466;-88;28080;-31005;;-328
2017-09-01;1199705;472230;872282;;660029;596416;63613;212253;1583743;441938;1051651;365132;1416783;763376;2180159;4202042;;42150;29707;62152;11754;-17394;-28240;;1436
2017-10-01;1229591;472230;887850;;675524;610470;65054;212326;1590861;436199;1062769;363120;1425889;775463;2201352;4516213;;66380;1999;46661;12743;-14362;-43598;;554
2017-11-01;1209905;472230;906483;;688918;620217;68701;217564;1633244;442271;1083399;369422;1452821;800648;2253469;4660063;;73252;10209;14835;13325;-14815;-2459;;-677
2017-12-01;1305944;472230;982660;;741723;658652;83071;240935;1746325;495784;1243334;361180;1604514;800463;2404977;4599380;;60311;120800;16942;12751;14085;76345;;678
2018-01-01;1351154;495530;1026680;;780543;688672;91870;246138;1843432;510406;1182167;489204;1671370;860734;2532104;4614058;40834;32589;-35024;57626;21917;-17904;-96260;;-404
2018-02-01;1374712;495530;1028710;;772941;679042;93899;255770;1969991;492863;1165236;460609;1625845;1023188;2649033;4857105;90219;16364;36830;98914;-314;-85965;26233;;-2038
2018-03-01;1377524;507130;1022094;;757585;670912;86672;264509;2029733;490654;1188402;426208;1614611;1086034;2700645;4936857;127692;23139;-7446;-41284;11680;30747;-9188;;598
2018-04-01;1420394;518730;1019735;;749306;660017;89289;270429;2041096;498491;1177996;443343;1621339;1079774;2701113;4930438;124861;20527;3886;-96579;12087;51883;38846;;-2350
2018-05-01;1673938;530430;1023680;;740112;655430;84682;283568;2108017;560159;1269565;401945;1671509;1091938;2763448;4852079;39459;8156;21107;-134260;10168;114667;26985;;3547
2018-06-01;1887647;542130;1065530;;744527;657748;86778;321003;2140209;642952;1339711;436864;1776575;1021382;2797957;4477595;7880;24460;23166;-78463;-9108;-99887;203835;;6789
2018-07-01;1475656;529530;1110740;;772353;682395;89957;338387;2239303;574050;1216754;558026;1774780;1146919;2921699;3965997;82190;15988;23177;;-18734;-63465;111610;;-6234
2018-08-01;1738360;523830;1197097;;764115;671876;92239;432983;2357429;574488;1378121;381284;1759405;1269899;3029305;2898374;201864;6609;141467;-127601;11346;-135075;354071;;38727
2018-09-01;2072230;502730;1270761;;758377;659263;99114;512384;2416468;695142;1278434;599180;1877613;1198118;3075731;1915157;316878;10374;41381;-116072;-12932;-122377;291666;;1096
2018-10-01;1776730;502730;1252103;;748146;647569;100577;503957;2470372;546521;1215039;498969;1714008;1403934;3117942;1162693;506551;7899;-94575;-37437;756;-191217;156238;;-22916
2018-11-01;1841843;502730;1256257;;736972;633286;103686;519286;2610829;547154;1261828;428057;1689885;1554230;3244115;568460;631129;6233;83809;;643;-34662;122234;;-4406
2018-12-01;1657560;502730;1336800;;794347;688453;105894;542454;2677051;604514;1514752;348934;1863686;1501818;3365504;292819;700158;9270;170086;43699;-5522;58317;69805;;3788
2019-01-01;1794217;502730;1345587;;835837;717684;118152;509751;2724790;593231;1271716;610227;1881943;1560532;3442474;146409;806152;13202;-56172;20876;3996;-77546;;;-3497
2019-02-01;1874155;502730;1343229;;805740;698063;107676;537490;2756465;593243;1287706;541943;1829648;1624880;3454529;;884762;3172;50276;15672;-2140;31842;;;4902
2019-03-01;1864877;502730;1314389;;807136;698402;108733;507253;2750854;582401;1310111;539596;1849707;1599549;3449256;;951857;3412;-51560;;-2440;-48265;;;-854
2019-04-01;1705699;502730;1324824;;816912;706422;110490;507912;2736192;589362;1329228;544214;1873442;1569172;3442614;;992903;1199;51398;;-2714;56661;;;-2549
2019-05-01;1812979;502730;1342638;;823540;717843;105696;519099;2821617;625434;1333796;597573;1931369;1608092;3539460;;1019241;4430;-46467;;-41409;-6441;;;1383
2019-06-01;1791327;502730;1341940;;850446;745644;104802;491494;2878892;632035;1362244;616988;1979232;1645304;3624536;;1093368;8037;19351;-55939;115218;-51207;;;11279
2019-07-01;1892991;502730;1381539;;906458;797817;108642;475081;2941217;633688;1439898;621006;2060904;1678130;3739034;;1191880;3208;-36506;42452;2980;-83776;;;1838
2019-08-01;1083231;502730;1312668;;907634;801491;106144;405033;3020344;674506;1556578;535863;2092441;1729394;3821835;;1233527;50544;-43124;-243835;126209;94920;;;-20418
2019-09-01;887172;502730;1342100;;919829;814432;105398;422270;3000138;732784;1565019;606894;2171913;1642656;3814569;;1086198;127686;13856;15387;-57885;31884;;;24470
2019-10-01;791212;502730;1386354;;935161;821233;113928;451193;3006231;793921;1578485;659550;2238035;1589430;3827465;;1016907;185696;77214;-242733;51485;270665;;;-2203
2019-11-01;817843;562730;1569671;;937688;826164;111524;631984;3013303;787454;1695946;502876;2198823;1640645;3839467;;796628;232982;284378;131388;43468;110532;;;-1010
2019-12-01;3372924;852730;1734073;;1062926;930423;132504;671147;3219017;887475;1952282;560027;2512309;1637131;4149440;;728408;432590;223760;34757;276560;-88556;;;999
2020-01-01;3577882;852730;1692948;;1136813;1002358;134455;556135;3501659;934957;1915139;813085;2728223;1775794;4504017;;979211;482226;-186510;45024;16464;-245035;;;-2962
2020-02-01;3695494;959730;1860024;;1141868;1009862;132006;718156;3707901;918288;1961321;842705;2804026;1913737;4717764;;1362052;20051;7263;-15647;110805;-89265;;;1370
2020-03-01;3726288;1084730;1941047;;1179645;1032153;147492;761402;3938426;999970;2182504;788248;2970752;1999827;4970579;;1471885;17612;575949;8606;187884;380084;;;-626
2020-04-01;3884636;1164730;2168039;;1330994;1139112;191881;837046;4280512;1146406;2374887;1025001;3399888;2019736;5419624;;1195537;359478;-424955;-36631;271853;-660404;;;227
2020-05-01;4131852;1164730;2181264;;1430270;1245302;184968;750994;4604310;1260358;2600779;1081925;3682704;2166908;5849612;;1225369;609530;264164;-46076;279170;30606;;;464
2020-06-01;4320736;1164730;2149123;;1517798;1329813;187985;631324;4984779;1369769;2757267;1152827;3910094;2404498;6314592;;1613425;588672;33209;34302;304697;-310061;;;4271
2020-07-01;4489290;1284730;2303560;;1635051;1430684;204367;668508;5254066;1367658;2826705;1287280;4113985;2570765;6684751;;1659950;693249;264399;-40535;171236;136229;;;-2531
2020-08-01;4599927;1324730;2329228;;1667700;1467064;200637;661528;5437236;1417736;2894366;1257129;4151495;2752805;6904300;;1777837;664164;-141675;-134656;101119;-106289;;;-1849
2020-09-01;4735025;1386230;2313178;;1673118;1481040;192078;640060;5583245;1443014;2983252;1146720;4129971;2934314;7064285;;1802773;710506;106470;-146839;224571;31833;;;-3096
2020-10-01;4786541;1260450;2318890;;1691993;1487140;204853;626898;5711854;1511068;3050002;1184046;4234048;2964945;7198994;;1671738;871990;-168634;-99521;-101556;36322;;;-3879
2020-11-01;4978608;1260450;2337726;;1693173;1467975;225199;644553;5782228;1593243;3087628;1243713;4331341;2918862;7250202;;1599503;846954;2214;-71273;62762;48178;;;-37453
2020-12-01;5159609;1260450;2425025;;1792979;1542670;250310;632045;6067454;1694599;3396052;1233960;4630012;2980112;7610124;;1605386;1040554;242985;30061;367998;-141520;;;-13554
2021-01-01;5324077;1260450;2581522;;1864005;1613506;250499;717517;6320256;1701174;3325135;1427597;4752732;3180927;7933659;;1672277;1025416;11050;12975;-52923;97880;;;-46882
2021-02-01;5465309;1260450;2576590;;1836511;1583194;253317;740078;6451707;1685560;3306330;1368729;4675059;3359673;8034732;;1758824;955558;-72424;16045;23442;-96694;;;-15217
2021-03-01;5559032;1395450;2521921;;1814533;1578698;235836;707388;6739091;1752250;3425965;1320053;4746018;3571690;8317708;;1833513;1177580;23409;100754;158513;-224074;;;-11784
2021-04-01;5683413;1450450;2515131;;1804298;1569154;235144;710833;7019297;1872528;3551674;1268081;4819756;3768403;8588159;;1903512;1379466;-62180;113221;4617;-171703;;;-8315
2021-05-01;5777935;1450450;2526536;;1831076;1617069;214008;695459;7332351;1970010;3707138;1339560;5046698;3902759;8949457;;1990888;1560222;147082;149898;42882;-23662;;;-22037
2021-06-01;5809210;1450450;2705144;;1935536;1720551;214985;769609;7543811;1934097;3780300;1443132;5223431;4041376;9264807;;1977485;1543854;218360;49258;68661;126378;;;-25937
2021-07-01;5907284;1450450;2847839;;2090818;1870920;219898;757021;7832194;1919276;3898576;1632897;5531473;4172156;9703629;;1956564;1760118;47521;-12634;225106;-96156;;;-68795
2021-08-01;5986440;1450450;2927784;;2139383;1915362;224022;788401;8077726;2026990;3970725;1704552;5675276;4317991;9993267;;2020266;1894607;83754;-52084;236764;-42755;;;-58172
2021-09-01;6244602;1023049;2937229;;2164627;1945661;218966;772602;8379370;2071110;4143145;1706052;5849198;4474562;10323759;;2069266;2027147;73505;301730;-194943;28846;;;-62129
2021-10-01;6299254;1358049;3009316;;2216118;1979811;236307;793197;8716383;2253882;4438228;1706086;6144313;4551283;10695596;;2092721;2122027;68952;-617;260275;-127770;;;-62936
2021-11-01;6366661;1488049;3148095;;2293738;2058045;235693;854357;9061492;2470493;4732616;1765809;6498425;4621113;11119537;;2058364;2250137;126853;-90267;134162;155286;;;-72328
2021-12-01;6729005;2173049;3394480;;2504730;2230702;274029;889749;9585194;2637144;5393072;1727780;7120852;4695044;11815895;;2079410;2366670;517894;-48324;768513;-167871;;;-34424
2022-01-01;6878620;2295049;3685633;;2677121;2412175;264946;1008512;10055874;2818388;5216009;2312089;7528098;4939980;12468078;;2751648;1840825;-22989;-158023;-61100;233045;;;-36911
2022-02-01;7016046;2295049;3750943;;2686579;2416923;269656;1064364;10182535;2661532;5186699;2167523;7354223;5245365;12599587;;3563841;922635;40955;-20108;7943;74132;;;-21013
2022-03-01;7253543;2295049;3660266;;2674269;2392877;281392;985997;10541033;2740279;5104999;2280037;7385036;5548941;12933978;;3978466;649856;-158216;2307;-210397;63255;;;-13381
2022-04-01;7497513;2375049;3628710;;2688459;2393316;295143;940252;10976931;2777852;5271593;2213977;7485570;5884817;13370388;;4331488;564228;-4252;3276;390830;-389448;;;-8910
2022-05-01;7775216;2231100;3696382;;2743185;2471600;271584;953197;11650466;2942464;5625619;2251392;7877010;6245049;14122059;;4781006;572009;258274;384704;-58481;-60367;;;-7583
2022-06-01;8578157;2608100;3891174;;2933701;2636970;296731;957472;12468785;3078195;6005059;2427227;8432285;6673545;15105831;;5152213;634403;214113;88533;348870;-874789;;;651499
2022-07-01;9749025;2803100;4212024;;3197739;2897211;300528;1014285;13538209;3231915;6205061;2976569;9181630;7253770;16435400;;5644193;1027065;335078;-292695;-197242;216012;;;609002
2022-08-01;10277050;2793100;4287266;;3234768;2904395;330373;1052497;14057950;3365307;6258103;2982482;9240585;7721763;16962347;;5825223;944336;-125615;-98434;-35745;52694;;;-44130
2022-09-01;10988441;2793100;4179909;;3171405;2856142;315263;1008504;15078031;3667443;6846564;2854845;9701409;8232435;17933844;;6184526;1398556;-92335;996138;-39629;-980695;;;-68148
2022-10-01;11939347;2793100;4225141;;3240179;2911674;328505;984962;16223653;3934471;6984423;3186949;10171372;8964095;19135467;;6898339;1450403;199840;-282199;170749;127959;;;183332
2022-11-01;12857337;2793100;4388339;;3348967;3019961;329006;1039371;16961715;3962684;7226646;3175676;10402322;9579442;19981763;;7130167;1636090;208857;-68559;216181;-101722;;;162957
2022-12-01;14155074;2793100;4781929;;3767917;3362099;405818;1014012;18248093;4327650;8539673;3329585;11869258;9740496;21609754;;7567281;2004090;696006;689213;-286020;51162;;;241651
2023-01-01;15000554;2793100;5291281;;4089114;3714238;374876;1202167;19284890;4518010;8211050;4222147;12433198;10565938;22999136;;7810721;2182287;112970;-207335;-44980;207864;;;157421
2023-02-01;15767272;2793100;5242210;;4087141;3662336;424805;1155069;20044301;4685212;8637125;4230863;12867987;10838646;23706633;;8141112;2436600;-96766;-219578;191707;-93964;;;25069
2023-03-01;17669450;2923100;5161255;;4070844;3660110;410734;1090411;21066260;4731174;8163095;5008294;13171389;11555106;24726495;;8458438;2878700;149526;-458844;216589;169035;;;222746
2023-04-01;19446791;3023100;5245351;;4155790;3726604;429186;1089561;22480885;4576340;8493396;5107098;13600495;12607198;26207693;;9053067;3029621;-2884;143553;-1836;-476031;;;331430
2023-05-01;21518350;3463100;5392794;;4300300;3853869;446431;1092494;24497173;5051830;9193181;5408540;14601721;13749322;28351042;;10034376;3289269;209817;241296;148007;-24820;;;-154667
2023-06-01;24167978;4151100;5603843;;4501723;4022764;478960;1102119;26468226;5431011;9940299;5806345;15746645;14744339;30490984;;10817128;3663530;309324;-958073;1151684;-217753;;;333466
2023-07-01;27539422;4591100;6128916;;4918975;4439872;479103;1209941;28326422;5760227;10663123;6326366;16989489;15776801;32766291;;11659431;3803048;506961;-352859;477441;-27535;;;409914
2023-08-01;35518660;4091100;6422707;;5188683;4634410;554273;1234023;31003783;6569917;11588644;6998630;18587274;17051085;35638359;;12458886;5148609;229231;436468;-436852;-678228;;;907843
2023-09-01;36620796;4091100;6532999;;5267570;4737624;529946;1265429;33364496;7172142;12341541;7647383;19988924;18113195;38102119;;13590926;5778099;206278;183009;-368321;-106541;;;498131
2023-10-01;39603083;4091100;7202528;;5782596;5128406;654189;1419933;35642238;8664282;14321833;8778057;23099890;17670757;40770647;;12880500;7893729;409176;-90380;-504532;1220746;;;-216659
2023-11-01;47160139;4091100;7797578;;5971866;5316389;655477;1825712;36967837;9362660;14439489;9903816;24343305;17940923;42284228;;11573450;10492069;1736145;-134762;-417729;2084432;;;204204
2023-12-01;87393787;4091100;9209583;;6836428;6031355;805073;2373155;47482823;13352328;19111796;16014437;35126233;19038990;54165222;;3345649;20468572;634462;1898873;-1992885;-1713903;;;2442376
