;Gastos Corrientes;Gastos en consumo y operaci√≥n;Gasto Seguridad Social;Gastos Transferencias Corrientes;Otros Gastos;Ingresos Corrientes;Ingresos Tributarios;Ingresos Seguridad Social;Ingresos No Tributarios;Ingresos Transferencias Corrientes;Otros Ingresos
2000-01-01;4939.6;819.3;1683.7;1955.8;480.8;4572.9;3327.4;1080.4;133.9;3.4;27.8
2000-02-01;4696.4;687.9;1341.7;1873.8;793;4198.1;3096.1;894.1;132.7;47.8;27.4
2000-03-01;5283.8;717.8;1361.4;2088;1116.6;4764.5;3160.2;912.8;199.4;235.4;256.7
2000-04-01;4849.2;661.7;1349.9;2145.1;692.5;4482.7;3294;791.4;148.7;17.1;231.5
2000-05-01;5112.7;687;1365.7;1914.6;1145.4;4656.3;3659.5;819;106.2;33;38.6
2000-06-01;4549.9;708.9;1358.3;1944;538.7;5639.9;4130.7;863.7;586.4;34.6;24.5
2000-07-01;5625.4;887.2;1979.9;2063;695.3;4788.3;3269.9;1102.4;175.6;5.6;234.8
2000-08-01;4527.3;673.2;1355.2;1887.8;611.1;4657.5;3551;842.8;184.3;32.9;46.5
2000-09-01;4806.8;647;1351;1986.3;822.5;4542.2;3328.7;995.1;117.4;13.3;87.7
2000-10-01;4674.1;681.4;1339.7;1959.5;693.5;4451.1;3346.1;801.7;100.4;4.2;198.7
2000-11-01;5478.2;704.1;1339.7;2010.3;1424.1;4076.2;3139.9;794.6;85.2;17.8;38.7
2000-12-01;4958.1;750;1605.1;1944.2;658.8;4382;3368.3;786.3;115.7;77.7;34
2001-01-01;5474.1;886.6;1753.5;2079.5;754.5;4766.6;3362;1102.6;264.6;7.3;30.1
2001-02-01;4654.1;658.2;1334.5;1752.8;908.6;4322.4;2929.1;778.8;343;43.5;228
2001-03-01;5302.6;748;1336.5;2201.2;1016.9;4106.8;2977.4;842;114.4;118.7;54.3
2001-04-01;4638.1;665.7;1375.2;1851.6;745.6;3960.5;2977.7;797;123.4;11.5;50.9
2001-05-01;5878.6;660.6;1352.9;2137.1;1728;5094.6;4085.1;775.9;163.9;39.6;30.1
2001-06-01;5288.4;707.7;1321;1920.7;1339;5206.7;3979.7;821;150.6;28.1;227.3
2001-07-01;5228.1;825.9;1957.2;1901.4;543.6;4360.5;2947.7;993.1;390.8;1.8;27.1
2001-08-01;4194.6;615.9;1196.9;1888.8;493;4482.2;3489.9;781.4;146;35.6;29.3
2001-09-01;3747.6;642.1;1127.1;1523;455.4;4124.2;2958.9;755.1;152.5;79.9;177.8
2001-10-01;4383.3;618.7;1243.3;1642.1;879.2;3870.1;2967.3;765.7;82.5;12.2;42.4
2001-11-01;4133.4;616.9;1221.7;1426;868.8;3440;2608.8;701.6;66.8;14.3;48.5
2001-12-01;3607.1;597.6;1397.1;1142.8;469.6;2531.5;1881;525.4;73.6;21.2;30.3
2002-01-01;4021.6;730;1636.5;1465.2;189.9;3743.1;2685;871.7;160.9;3.7;21.8
2002-02-01;3741.2;583.1;1250.3;1575.7;332.1;3227.5;2363.5;709;123.6;0.5;30.9
2002-03-01;4646.9;624.9;1229.5;2642;150.5;3344.9;2139.8;703.2;101;38.3;362.6
2002-04-01;3854.7;584.6;1257.1;1715.7;297.3;3216.4;2345;659.7;166.1;14.8;30.8
2002-05-01;5446.9;710;1340.3;2216.5;1180.1;5540.9;4221.9;828.2;238.9;29.5;222.4
2002-06-01;4155.2;724.9;1264;1870.5;295.8;4632.1;3376.6;783.7;230.2;4.5;237.1
2002-07-01;5664.1;855.5;1805.8;2438.9;563.9;5420.1;3896.5;1038.7;332.1;20.7;132.1
2002-08-01;4950.4;749.4;1294.6;1958.5;947.9;4902.5;3531.9;830.6;236.9;39.7;263.4
2002-09-01;5106.6;785.2;1275.1;1913.3;1133;4371.8;3259.8;778.3;261.4;18.5;53.8
2002-10-01;4606.5;743.8;1299.3;2435.4;128;5970.2;4004.1;849.5;242.4;12.9;861.3
2002-11-01;5796;776.3;1290.8;2408;1320.9;5349.1;4171.3;849.6;277.9;9.5;40.8
2002-12-01;5460.3;1097.1;1592.1;2489;282.1;5267.5;4039;808.2;329.8;8.3;82.2
2003-01-01;5382.9;874;1615.3;2416.3;477.3;6001.5;4549.5;1154.4;236.8;38.2;22.6
2003-02-01;5560.5;835.5;1402.9;2120.1;1202;5025.3;3693.8;835.1;230.5;19.9;246
2003-03-01;4883.1;919;1404.7;2229.5;329.9;5266.8;3889.3;914.9;306.6;24.6;131.4
2003-04-01;5193.8;902;1430.8;2612;249;5862.3;4551.6;861.1;279.7;2.6;167.3
2003-05-01;6589.1;905;1421.9;3337.7;924.5;7899.7;6533.1;888.4;352.3;2.1;123.8
2003-06-01;6021.9;926.5;1494.3;3129.4;471.7;6674.4;5532.4;847.9;234;4.2;55.9
2003-07-01;6292.2;1160.9;1988;2821.5;321.8;6851.6;5193.7;1307.1;283.4;3;64.4
2003-08-01;6703.2;885.4;1503.3;3015.9;1298.6;6516.9;5162.5;950.7;337.8;3;62.9
2003-09-01;5498.2;964.9;1539.3;2702.8;291.2;6241.4;4942.6;922;259.2;12.1;105.5
2003-10-01;5863.5;932.7;1522.6;2923.5;484.7;6582.8;5123;1035.2;327.1;6.4;91.1
2003-11-01;6239.1;943.2;1547;3046.3;702.6;6500.7;5164.9;975.5;272.1;4.6;83.6
2003-12-01;7991.2;1322.2;2594.2;3654.9;419.9;7699.2;6401.1;996.7;187.5;25.8;88.1
2004-01-01;6056.1;1046.1;1597.5;3178.6;233.9;7763.7;5836.6;1406.6;416;29.5;75
2004-02-01;6478.6;947.4;1621.1;2878.2;1031.9;6719.1;5195;1093.3;320.2;3.4;107.2
2004-03-01;6535.2;961.7;1838;3355.9;379.6;8175.4;5649.4;1102.1;315.1;42.8;1066
2004-04-01;5823.9;942.2;1507.8;2996;377.9;7656.1;5966.4;1164.1;379.1;56.8;89.7
2004-05-01;8265.7;947.9;1617.1;5124.9;575.8;12633.6;11139.2;1076.7;326.5;5.7;85.5
2004-06-01;7962.7;1062.7;2193;4396.2;310.8;9880.8;8362.8;1087.9;345.1;15.5;69.5
2004-07-01;7383.7;1269.9;2027.8;3828.8;257.2;9291.9;7078.7;1673.2;439.3;11.4;89.3
2004-08-01;7420.8;957.7;1621.7;3736;1105.4;8737.8;7178.8;1123;344.5;11.2;80.3
2004-09-01;7028.6;1055.8;1810;3798.2;364.6;8552.8;6761.1;1334.9;339.6;17.3;99.9
2004-10-01;7043.7;1075.8;1771.6;3929.7;266.6;8616.6;6850.8;1292.2;369.8;22.5;81.3
2004-11-01;7746.3;1127;1871.9;4003.4;744;8499.7;6854.7;1169.1;380.4;23;72.5
2004-12-01;9910.7;1578.7;3399.6;4585.1;347.3;8440.6;6710.1;1116.5;447;45.3;121.7
2005-01-01;7125.7;1278.8;1708.3;3943.5;195.1;9255.2;7077.3;1785.4;271.3;32.6;88.6
2005-02-01;7887;1120.5;1795.4;3751.4;1219.7;8678.5;6845.6;1374.2;365.2;21.3;72.2
2005-03-01;7293.4;1131;1802.9;4007.2;352.3;8936.8;7087.7;1299.6;419.2;27.2;103.1
2005-04-01;7579.7;1215.6;1876.1;4131;357;10081.6;8071.9;1411.5;436.1;32.1;130
2005-05-01;11226.3;1483.8;1826.2;5239.6;2676.7;12602.8;10680.2;1355.3;387.9;61.6;117.8
2005-06-01;9878.6;1251;2505.6;5053.2;1068.8;11551.5;9822.2;1354.6;240.3;21.9;112.5
2005-07-01;8174.4;1418.3;2121.1;4438.2;196.8;10638.9;8288.6;1947.1;254.6;22.6;126
2005-08-01;9634.2;1166.5;2086.8;4901.3;1479.6;10790.8;8866.6;1494.6;237.1;49.6;142.9
2005-09-01;8893.7;1385.4;1994;4792.8;721.5;10599.8;8608;1547.4;242.3;45.1;157
2005-10-01;8824.1;1371.7;1977.5;5009;465.9;10485.8;8395;1603.8;248.7;62.9;175.4
2005-11-01;8835.8;1344.5;2067.5;4698.1;725.7;10670.1;8548.4;1700.7;224.9;61.6;134.5
2005-12-01;11651.1;1858.5;3143.7;5631.1;1017.8;11932;9749.8;1712.8;288.3;39.4;141.7
2006-01-01;9042.2;1566;2186.5;5000.2;289.5;11544.1;8818.6;2283.6;241.6;44.3;156
2006-02-01;9899.61;1297.81;2003.5;4871;1727.3;11140.9;8729.7;1980.7;263.1;15.5;151.9
2006-03-01;9201.2;1477.9;2056.9;4927.2;739.2;11226;8758.9;1849.6;264.2;50.1;303.2
2006-04-01;8513.1;1379.3;2059.7;4595;479.1;11149;8171.9;1913.1;255.2;58.6;750.2
2006-05-01;10175.2;1407.3;2115.3;6280.2;372.4;14871.5;12517.6;1897;267;45.7;144.2
2006-06-01;12477.3;1528.3;3568.8;6232.6;1147.6;14636;12215.6;1963.8;242.1;37.5;177
2006-07-01;10533.1;1853;2731.3;5624.2;324.6;13437;9983.8;2769.7;305.7;30.6;347.2
2006-08-01;12333.2;1479.6;2661.4;5831.9;2360.3;13633.4;10689.2;2110.4;349.1;44.7;440
2006-09-01;10494.7;1567.1;2686.2;5448.7;792.7;13321.5;10492;2128.8;368.1;63.8;268.8
2006-10-01;11151.6;1682.5;2760.3;5964.1;744.7;14216.2;11035.5;2292.2;491.1;110.5;286.9
2006-11-01;11101.8;1610.1;3433;5701.7;357;14131.6;11365.3;2169.4;305.8;63.5;227.6
2006-12-01;15515.4;2336.2;3927.5;6515.1;2736.6;14909;11447.5;2248.1;368.2;44;801.2
2007-01-01;9469.7;2139.7;3710.7;2672.5;946.8;11794.6;7874.7;3387.9;319.4;37.8;174.8
2007-02-01;9557.8;1689.2;3175.7;2751.9;1941;10874.1;6927.8;2457.3;260.2;19.7;1209.1
2007-03-01;9427.2;1726.2;3312.9;3095.9;1292.2;11361.5;7584.2;2973.2;281.9;63.4;458.8
2007-04-01;8863.9;1771.8;3362;2633;1097.1;10920.6;7303.5;2829.8;351.9;70;365.4
2007-05-01;9148.02;1816.9;3781.3;3034.62;515.2;15335.4;10317.4;4400.7;327.3;45.8;244.2
2007-06-01;11945.6;2068.9;5190.8;3378.8;1307.1;14761.9;9992.2;4139.3;339;29.9;261.5
2007-07-01;11886.6;2457.3;4137.1;4076.7;1215.5;15692.2;9325.7;5582.7;310.6;53.9;419.3
2007-08-01;11966.4;2013.3;3968.8;4070.1;1914.2;14225.1;9922.4;3552.7;380.2;30.1;339.7
2007-09-01;11435.5;2156.9;4314.5;3763.4;1200.7;15107.4;9052.5;5377.2;319.2;33;325.5
2007-10-01;12308.7;2130.7;4321.6;4188.8;1667.6;14625.3;9928.7;3530.5;360.4;51;754.7
2007-11-01;11168.7;2196.4;4650.6;3749.9;571.8;14319.4;10185.4;3392.7;347.7;40.7;352.9
2007-12-01;17696.7;2907.6;6534.8;3971.6;4282.7;14783.5;10951.8;3097;338.1;35.3;361.3
2008-01-01;12700.6;2691.7;4664;4236.6;1108.3;17209.9;12423.6;4144.6;376.7;1.5;263.5
2008-02-01;12292.6;2414.1;4388.6;3688.9;1801;15632.8;10694.4;4281.4;326.9;33.6;296.5
2008-03-01;12672.1;2078.2;4483;4338.8;1772.1;15006.1;9610.1;3726.1;353.5;47.2;1269.2
2008-04-01;13415.1;2343.7;5086.5;4520;1464.9;16949.8;11439.8;4130.3;343.9;49.8;986
2008-05-01;12914.1;2291.8;4824.6;5178.2;619.5;20059.1;13688.2;4621.4;419.6;53.4;1276.5
2008-06-01;15945;2569.4;7023.9;4711.6;1640.1;18947.3;12900.4;4265.7;473.7;29.6;1277.9
2008-07-01;15650.1;3173.8;5276.2;5800;1400.1;20694;13120.8;5625.8;349.3;9.9;1588.2
2008-08-01;14380.3;2785.9;5379.9;4647.1;1567.4;18865.1;13647.7;4438.3;378.8;30.3;370
2008-09-01;15256;2832.9;5236.8;5465.1;1721.2;19314.3;13620.2;4489.5;399.3;35.7;769.6
2008-10-01;16663;2936.4;5434.3;6334.2;1958.1;19820.9;13718.9;4730.7;445;47.3;879
2008-11-01;14079.1;2865.2;5534.8;4974.7;704.4;17170.2;11302.8;4906.4;428.8;174.2;358
2008-12-01;24935.2;3777.8;7219.2;7796.3;6141.9;18791.7;12392.8;5333.5;432.4;21.2;611.8
2009-01-01;15343.8;3627.5;5787.1;4795.3;1133.9;19356;11010.9;7605.8;428.6;23.9;286.8
2009-02-01;14762.2;3257.3;5428.4;4917.5;1159;17695.4;11156.8;5721.5;370.2;46.5;400.4
2009-03-01;16181.92;3003.32;6028.7;5148.6;2001.3;17374.5;10734.2;5638.8;499.7;31.5;470.3
2009-04-01;17104.1;3100.1;5984.9;5190.3;2828.8;18332.4;11573.9;5889.7;499.1;46.6;323.1
2009-05-01;15614.7;3146.5;6462.6;5405;600.6;19618.4;13214.1;5696.9;323.9;25.9;357.6
2009-06-01;22004.3;3770.7;8999.2;6292.2;2942.2;24044;14183.3;5882.2;481.7;35.5;3461.3
2009-07-01;20145.2;4454.9;6740.5;6952;1997.8;22309.7;12583.5;7862.7;840.5;18.3;1004.7
2009-08-01;17585.7;3719.5;6600.6;6363.4;902.2;19868.9;12137.5;6694;479.8;8.7;548.9
2009-09-01;19576.3;4018.1;6777.9;6112.5;2667.8;20698;12586.9;6466.4;453.2;31.2;1160.3
2009-10-01;19987;3982.6;7103;5943.4;2958;21096.2;13407.7;6828.7;462.7;25;372.1
2009-11-01;19025.3;3890.5;7583.3;6644.5;907;24055.4;12775;6217.4;447.1;4117.7;498.2
2009-12-01;34019.3;5275.5;9743.8;10352.8;8647.2;35596;14864.3;6559.9;444.4;5512.7;8214.7
2010-01-01;19785.9;4718.3;7637.8;6501.8;928;22700.6;12637.4;9142.2;455.7;29.9;435.4
2010-02-01;20465.2;4343.5;7309.5;6942;1870.2;23056.8;13513.3;7174.8;415.9;22.6;1930.2
2010-03-01;22050;4596.1;7660.9;7089;2704;23997.9;14128.1;7190.9;611.9;35.9;2031.1
2010-04-01;22110.1;4190.1;7661.6;6882.6;3375.8;24495.5;15050.2;7639.8;626;816.1;363.4
2010-05-01;21763.5;4469.3;7907.2;8428.1;958.9;28249.9;19687.1;7636.5;494.3;12.9;419.1
2010-06-01;27606.5;4968.7;11314.1;7834.4;3489.3;31074.2;20001.1;7840;704;12.4;2516.7
2010-07-01;26174.5;6117.6;7952.7;10035.1;2069.1;32692.7;18098.9;10484.8;533;21.6;3554.4
2010-08-01;22336.2;4755.4;8169.1;8190.7;1221;28130.7;17675;8697.1;654;16.7;1087.9
2010-09-01;27493.1;5192.8;9278;9052.2;3970.1;31638.7;18838.1;8420.9;790.9;13;3575.8
2010-10-01;26084.3;5302.6;9288.7;8414;3079;31644.7;18585.5;8762.3;803.4;22.1;3471.4
2010-11-01;28222.7;7223.5;9863.4;9204.2;1931.6;34979.4;18630.5;8903.9;779.7;38.4;6626.9
2010-12-01;37688.8;7557.3;13025;13419.8;3686.7;37634.5;19403.9;9068.3;769.8;39.4;8353.1
2011-01-01;28112.8;6357.1;9628.9;9480.3;2646.5;31958.3;18562.5;12289.4;702.5;2.8;401.1
2011-02-01;24754.7;5637.2;9635.7;8351.9;1129.9;28590.5;17114;9598.1;795;7.7;1075.7
2011-03-01;28845.9;5258.8;10515.9;9733.3;3337.9;31385.4;18775.8;9319.3;740;13.6;2536.7
2011-04-01;29255.9;5666.6;10771.6;9761.5;3056.2;32339.1;19599.1;10550.6;883.6;23.6;1282.2
2011-05-01;30672.1;5903.3;11130;11120.6;2518.2;37084.1;25552.1;10141.2;812;20.1;558.7
2011-06-01;38795.4;6566.4;15715.7;10974.7;5538.6;39499.5;24690;10468.1;891.1;39.2;3411.1
2011-07-01;33457.7;8334.9;11271.3;11992.6;1858.9;39329.1;22087.7;14170.1;824;22.2;2225.1
2011-08-01;31778.6;6590.9;10878.5;11238.7;3070.5;36364.1;23546.6;11047;801.2;21.5;947.8
2011-09-01;36126.3;7101;12828.9;12300.2;3896.2;40166.6;23496.3;11308.9;1053.1;19.6;4288.7
2011-10-01;37634.3;6837.7;13009.2;12751.4;5036;40291.5;23950.6;11800.6;988.5;27.3;3524.5
2011-11-01;33141.6;7102.9;13633.5;10944.1;1461.1;36566;22991.1;11322.3;845.8;47.5;1359.3
2011-12-01;59424;10531.4;18066.2;15294.1;15532.3;41212.5;23639.2;11664.5;1222.6;32.8;4653.4
2012-01-01;38627.5;8242.7;13718.1;11799.6;4867.1;40699.3;23526.6;16043.1;728.5;5.3;395.8
2012-02-01;31661;7131.6;12903.9;9725.8;1899.7;35965.4;22431.1;12348;722.1;20.1;444.1
2012-03-01;39847.7;7984.3;15695.2;11363.5;4804.7;42543.7;24561.4;12903.1;1254.6;20;3804.6
2012-04-01;37650.5;7321;14645.2;11119.3;4565;40632.5;24137.3;13274;1092.6;30.2;2098.4
2012-05-01;40445.9;7583.5;16160.1;12693.4;4008.9;45594.9;30524;13479.6;1046.1;37.2;508
2012-06-01;49844.5;8504;22364.3;13978.3;4997.9;50599.3;28648;13431.1;877.5;47.3;7595.4
2012-07-01;46778.9;10041.5;15452.3;14810.4;6474.7;49148.1;28428.3;18594.3;1245.8;12.8;866.9
2012-08-01;41792.33;8422.2;15995.3;13020.13;4354.7;46883.5;30064.8;14251.6;1191.6;30.3;1345.2
2012-09-01;44304.3;7993.8;17260.6;13568.6;5481.3;47537.5;27503.6;14356.7;1014.1;11;4652.1
2012-10-01;48832.3;9658.2;17595;13797;7782.1;50194.3;29791.4;15117.8;1335.8;36.4;3912.9
2012-11-01;44975;8920.9;17793.5;13333.8;4926.8;47865.3;29376.6;15237.2;1278.8;13.7;1959
2012-12-01;79421.4;12403.2;25033.6;16771.5;25213.1;52526;30559.9;15351.7;1417.3;53.2;5143.9
2013-01-01;46540.8;10595.5;18517.8;12486.7;4940.8;51102.6;28143.5;21344.4;966.3;29;619.4
2013-02-01;43371.3;9513.9;17222.8;13479.4;3155.2;48393.6;27107.4;16272.8;1357.7;25.2;3630.5
2013-03-01;49557.3;9240.3;20083.5;13767.4;6466.1;51617.5;27200.2;16525.6;1252.6;30.2;6608.9
2013-04-01;51716.1;9732.7;19980.8;14432;7570.6;55702.4;35059.3;18654.1;1263.4;62.7;662.9
2013-05-01;51283.1;9559.4;21396.3;14126.4;6201;58927.9;38312.6;18552.8;1348.3;27.7;686.5
2013-06-01;61597;10160.2;28757.2;14666.7;8012.9;64078.4;35639.1;17610.2;1793.6;48.8;8986.7
2013-07-01;62286.1;13488.5;20841.6;20023.8;7932.2;67162.2;36204.5;25907.2;1669.2;13.9;3367.4
2013-08-01;55293.4;11741.8;20643.8;17072.8;5835;62394.2;37402.3;18390.9;1138.6;34.2;5428.2
2013-09-01;64772.8;12073.8;23722.6;19754.8;9221.6;68863.2;34738.1;18546.4;1664.4;39.6;13874.7
2013-10-01;63274;12147.9;23552.2;19507.6;8066.3;66184.4;35722.5;19457.4;1614.7;33.1;9356.7
2013-11-01;61337.5;11906.6;24723.8;18959.3;5747.8;59559.2;33625.3;18888.5;1705.5;35.3;5304.6
2013-12-01;80615.3;17276.4;32623.8;20076.2;10638.9;63870;35306.3;19739.9;1822.1;93.9;6907.8
2014-01-01;68050.4;14864.5;24824.6;19978.2;8383.1;73326.7;40019.6;28239.9;1506;5;3556.2
2014-02-01;63340.4;13850.2;24426.4;20290.5;4773.3;62872;38099;21103.4;1528;19.8;2121.8
2014-03-01;70261.5;12566.4;25678.9;20231.9;11784.3;73008.8;36892.8;20868.8;1750.7;44.5;13452
2014-04-01;72626.1;13474.6;26067.5;21761;11323;79424.5;49140.5;22627.7;1866.8;41.8;5747.7
2014-05-01;74650;13017.8;27252.5;22128.9;12250.8;82969.3;51862.3;23529.2;1858.5;24.1;5695.2
2014-06-01;105530.39;15707.79;38534.6;27025.3;24262.7;99678.1;50782.5;22418.2;1904.1;30.4;24542.9
2014-07-01;82290.9;19553.2;28260;24565.2;9912.5;94279.8;50253.3;32319.7;2001.5;48.7;9656.6
2014-08-01;80818.7;15573.7;27431.7;27329.2;10484.1;92362.6;47597.3;23988;1835.4;31;18910.9
2014-09-01;92766.1;16692;32744.1;28883.1;14446.9;92545.9;48115.4;25010.9;1942.3;30.7;17446.6
2014-10-01;89438.4;16972.9;32401;29835.4;10229.1;83768.5;51325.6;27083.3;2205.1;58.8;3095.7
2014-11-01;85068.5;16816.2;32841.3;26842.4;8568.6;92267.6;47936.4;26796.8;2010.4;33.5;15490.5
2014-12-01;116829.8;25425.8;42922.4;33766.4;14715.2;96289.8;51391;26903.5;9845.1;38.8;8111.4
2015-01-01;94909.9;21490.1;35679.3;25052.7;12687.8;93757.3;50880.5;38710.8;2192.8;87;1886.2
2015-02-01;86099.9;18159.1;33837.9;28453.4;5649.5;80113.6;47917.6;28843.7;1980;15.8;1356.5
2015-03-01;93302.5;17753.9;37290.5;28451.6;9806.5;77874.5;44743.2;28896.9;2103.9;45.8;2084.7
2015-04-01;102026.9;18148.4;39159.6;33937.7;10781.2;95560.9;57717.4;31806.9;2756.9;104;3175.7
2015-05-01;103809.8;19238.3;40378.1;30196.2;13997.2;99016.7;66026.6;29786.2;2244.7;68.5;890.7
2015-06-01;131187;21818.6;57662.5;34024;17681.9;116422.7;71682.4;31770;10571.3;16.7;2382.3
2015-07-01;116073.9;27627.7;40884.8;39917.1;7644.3;120187.6;65790.8;46534.9;2768.7;18.8;5074.4
2015-08-01;106833.5;20816.4;40454.5;36545.2;9017.4;101114.9;62401.6;33435.7;2690.5;12.4;2574.7
2015-09-01;116346.6;23666.1;46401.5;32890.5;13388.5;102552.6;60212.1;35038.2;2719.5;45;4537.8
2015-10-01;117832.3;23712.9;45212.8;38690.1;10216.5;103890.3;62451.1;35498;3612.9;38.5;2289.8
2015-11-01;111889.9;24024.2;45250.7;33071.8;9543.2;97595;58375.9;33167.7;2282.9;52.2;3716.3
2015-12-01;165956.3;32098.8;73484.9;40557.8;19814.8;114852.2;60602.1;45929.7;3263.9;2383.3;2673.2
2016-01-01;108964.5;23546.6;52205;26821.9;6391;121617.7;65507.3;50824;2476.1;29.6;2780.7
2016-02-01;111485.5;23975.6;44952.9;30765;11792;100672.1;58594.9;37246.3;2292.6;31.7;2506.6
2016-03-01;137827.1;23652.9;53302.8;42479.9;18391.5;108814.9;61826.5;37906.8;3199.9;2512.8;3368.9
2016-04-01;123269.7;22012.4;53963.4;37262.5;10031.4;118145.2;69274;42730.7;2682.1;83.3;3375.1
2016-05-01;145204.4;23639;55984.8;49755.3;15825.3;136938.6;86492.5;42640.1;3002;808.2;3995.8
2016-06-01;187577;26557.9;78450.7;48800.9;33767.5;129983.4;79657.9;43029.5;3706.5;547.7;3041.8
2016-07-01;159341.8;33549.6;55171.2;59856.6;10764.4;144269.2;76550.5;59399.2;3533.7;814.1;3971.7
2016-08-01;148874.3;29152.9;56113;54483.8;9124.6;129091.5;73276.3;46451.8;3784.7;585;4993.7
2016-09-01;166874;30534.2;62856.3;57080.9;16402.6;131752;74910.7;46070.4;4019.1;1053.3;5698.5
2016-10-01;182434;34641.9;63993.5;63025.1;20773.5;128022.7;73864.9;46475.8;4076.2;698;2907.8
2016-11-01;154664.5;31021;66852;47784.7;9006.8;145619.7;85989.1;51941.8;4183.7;1167.9;2337.2
2016-12-01;295532.3;43886.9;90871.2;128598;32176.2;233939.3;170718.4;53370.9;4323.2;714.5;4812.3
2017-01-01;158862.9;34077.4;71141.8;41910.7;11733;170254.7;93184.7;67192.1;3843.2;944.5;5090.2
2017-02-01;150532.7;29570.9;67530.3;47439;5992.5;136444.7;70212.6;51972.2;4373.5;880.7;9005.7
2017-03-01;177533.9;30513.3;74419.8;53494.9;19105.9;160937.4;94235;54312.1;4240.6;867.5;7282.2
2017-04-01;188592.3;31211.4;72743.5;50477.2;34160.2;159555.3;92644.6;56286.1;5534.2;639.5;4450.9
2017-05-01;182679.3;32383.1;78192.7;50257.2;21846.3;156920.1;89635.7;57241.6;5044.5;55.5;4942.8
2017-06-01;238386.9;37447.6;108382;54525.3;38032;161408.5;97748.6;53914.9;5366.8;55.6;4322.6
2017-07-01;197085.7;43868.6;80352.2;57538.2;15326.7;185134.3;95974.4;77910.7;5007.8;30.7;6210.7
2017-08-01;180643.5;35768;78251.1;51980.5;14643.9;168476.2;96680.8;58459.2;5537.1;40.6;7758.5
2017-09-01;200458.8;36881.9;86406;52017.6;25153.3;166300.3;96764.3;60213.5;4679.8;121.4;4521.3
2017-10-01;213965.4;36012.5;89890.7;53780.4;34281.8;167745.3;93291.1;62464.6;5728.2;90.9;6170.5
2017-11-01;206579.7;40092;90076.9;56024.8;20386;172096;96395;62414.6;5106.8;652.2;7527.4
2017-12-01;323876.9;49896.3;125153.8;113072.6;35754.2;190039.7;100845.7;64872.2;6738.4;2208.8;15374.6
2018-01-01;218870.7;41755.6;92237.5;50758.6;34119;203080.4;100863.7;86641.7;7469.7;68.2;8037.1
2018-02-01;187142.4;37060.6;89475.8;49057.9;11548.1;172922.1;91153.8;67189.8;5535;4.2;9039.3
2018-03-01;218046.6;37231.9;95051.8;59221.9;26541;195610.8;94350.9;69224.6;5968.8;116.1;25950.4
2018-04-01;221365;36376.4;93973;54574.4;36441.2;192673.2;98339.5;70874.8;6316.6;80.7;17061.6
2018-05-01;220375.7;38326.7;97347.7;61278.5;23422.8;208219;121528.5;69709.4;5580.2;119.4;11281.5
2018-06-01;296456.5;42237.6;142106.6;71551.8;40560.5;220391.2;133115.9;70828.8;6681.4;63.3;9701.8
2018-07-01;278212.8;51210.6;102527.8;69882.2;54592.2;227687.9;113000.3;92571.3;6194.9;65.7;15855.7
2018-08-01;217665.2;40807.6;98617.5;64568;13672.1;221830.9;123605.6;71779.1;6326.5;255.9;19863.8
2018-09-01;262937;43080.3;103261.2;74095.5;42500;227034.7;130986.3;72740.5;5706.6;276.5;17324.8
2018-10-01;300344.3;47768.7;108328.6;74461.7;69785.3;242902;139911;75837.1;7992.8;225.1;18936
2018-11-01;288436.1;48392.2;109226.7;84993.3;45823.9;233470.3;131416.3;77447.2;6615.9;184.8;17806.1
2018-12-01;408338.4;71953;159524.1;103284;73577.3;242534.9;136335.1;77077.9;9266.3;224;19631.6
2019-01-01;323961.1;50829.6;122202.1;69056;81873.4;281297.1;143174.8;111561;11485.9;30;15045.4
2019-02-01;246083;47437.3;114002.7;67678.1;16964.9;255964.6;134022.3;88625.3;9190.5;296.5;23830
2019-03-01;294070.7;47800.2;125492.1;76679.2;44099.2;261034;138000.5;87168.6;9506.7;248.9;26109.3
2019-04-01;327240.5;51127.7;129167.1;73031.9;73913.8;276802.9;145329.7;100634.1;10610.2;127.1;20101.8
2019-05-01;339257.3;53400.1;135138.5;78549.5;72169.2;320152.9;204353.2;92507.3;7122.1;334.3;15836
2019-06-01;420208.6;62688.8;200925.8;85852.9;70741.1;309046.9;195749.6;94352.3;8301.9;1064.4;9578.7
2019-07-01;432553.8;68279.6;149731.9;123750.6;90791.7;363474.1;186155.2;128786.6;9935.3;9730.6;28866.4
2019-08-01;337224.2;60500.5;139118;100135.3;37470.4;334693.1;206231.9;100431.8;10152.5;1141.4;16735.5
2019-09-01;379932.1;60278.8;161854;97333.5;60465.8;318058.5;192268;96030.3;11351.9;891;17517.3
2019-10-01;399786.9;61035.7;156852.5;97986.8;83911.9;342404.7;206533.8;100083.5;15339.6;1114.5;19333.3
2019-11-01;423578.4;60800;169511.7;118745.5;74521.2;367872;221391.4;108100.2;10314.2;1111.6;26954.6
2019-12-01;596222.1;81555.1;262690;136343.2;115633.8;386630.6;236096.2;116157.9;9903.8;1255.8;23216.9
2020-01-01;474561.9;68603;182505.4;130276.2;93177.3;395025.2;199264.6;153481.3;10196.3;1034.4;31048.6
2020-02-01;405335.6;67743.2;176156.1;111294.5;50141.8;343868.7;188020.4;127091.6;10066;2158.7;16532
2020-03-01;491223.1;68152.3;191952.4;180354.6;50763.8;333258.2;183645.4;123941.7;11416.5;1772.2;12482.4
2020-04-01;558653.7;75840.9;194364.5;239332;49116.3;306728.1;178037.9;106741.7;9575.5;1284;11089
2020-05-01;610948.44;68488.7;193767.74;277838;70854;319661.92;197661.3;103874.9;8389.82;1798.7;7937.2
2020-06-01;675804.3;71380;291374.8;261148.5;51901;388834.1;249754.5;115917.1;12826.8;1987.5;8348.2
2020-07-01;598263.7;91533.1;200170.6;248217.6;58342.4;426924.8;243825.2;151886.8;13312;1953.9;15946.9
2020-08-01;557544.6;70496.5;201644.5;210741.8;74661.8;423710.4;273090.9;125893.5;10388.9;1534.2;12802.9
2020-09-01;623362.6;71806.5;214322.1;280637.6;56596.4;435166.7;279210.8;128711.4;9730;1201.9;16312.6
2020-10-01;547856.3;76261.9;216656.4;212489.2;42448.8;444934.3;285218;128416;10611.9;902.7;19785.7
2020-11-01;568565.5;76141;223779.6;189524.1;79120.8;460179.9;292139.1;130237.2;12160.4;861.1;24782.1
2020-12-01;742538.9;106895.6;327137.5;289353.3;19152.5;467652.8;298328.1;136825.3;12500;1344.1;18655.3
2021-01-01;575134;104372.2;233558.8;188988.2;48214.8;603964.8;357983.5;189911.5;14333.5;2015.7;39720.6
2021-02-01;555350.6;90468.5;228288.1;176722.8;59871.2;523892.6;330939.5;160035.3;13802.4;503.1;18612.3
2021-03-01;637397.6;97791.2;247059.7;233682.2;58864.5;560570.4;363586.1;166665.9;12022.3;1122.6;17173.5
2021-04-01;619424.3;95770.6;251905.3;199468.8;72279.6;609398.9;389334.3;174467.5;24347.9;6266.3;14982.9
2021-05-01;731130.3;96824.6;257023.1;264634.4;112648.2;711301.4;393765.6;176353.2;96210.2;1203.5;43768.9
2021-06-01;926002.2;115742.5;407972.9;301048.4;101238.4;766676.2;451197.2;176610.2;103911;1790.1;33167.7
2021-07-01;868982.5;155598.1;282915.4;316002.4;114466.6;756768.5;413551.4;255896.7;40133.3;12587.4;34599.7
2021-08-01;883210.5;136539.6;294923.4;340306.6;111440.9;735708.8;458950.4;198089.1;38893.6;3832.2;35943.5
2021-09-01;871927.1;136715.7;318388.2;328054.9;88768.3;1163399.9;463303.9;205432.1;36249.5;431882;26532.4
2021-10-01;978731.1;162414.5;324135.1;369275;122906.5;770853.2;478121.8;213957.4;27227.9;3872.1;47674
2021-11-01;962218.1;140810;333677.2;350586.5;137144.4;785658.6;471301.5;220312;27652.3;3541.9;62850.9
2021-12-01;1284056.2;207868.7;529695.2;494639.4;51852.9;877766.9;556489.6;244559.9;17852.5;8980.3;49884.6
2022-01-01;984594;163299.1;381932.9;298089.3;141272.7;894170.3;495723.3;323334.9;24881.8;2877.2;47353.1
2022-02-01;931989;148070.7;367074;327784.4;89059.9;844663.2;525658.8;262230.4;18460.4;522.4;37791.2
2022-03-01;1178239.2;171256.6;390120.8;506008.4;110853.4;1072315.6;605268.6;272291.1;26768.8;3553.9;164433.2
2022-04-01;1143149;175920.3;416073.8;447590;103564.9;1083410.9;605164.3;298427.2;29627.7;4226.2;145965.5
2022-05-01;1288341.3;170863.4;425298.5;515569.7;176609.7;1127398.8;693301.7;310206.8;22077;8625.6;93187.7
2022-06-01;1494530.1;195364.6;704656.4;436858.7;157650.4;1200064.2;771956.8;325383.2;27161.7;2419.6;73142.9
2022-07-01;1429436;258472.2;486240.3;425009.4;259714.1;1382959.6;769086.9;445250.1;41098;1899.1;125625.5
2022-08-01;1469982.3;228349.1;486502.1;523616;231515.1;1274896.9;768647.3;360080;36300;18896.4;90973.2
2022-09-01;1496463.2;234760.1;559889;573177;128637.1;1639702.7;1062645.3;382008.1;46294.4;16448.6;132306.3
2022-10-01;1548119.3;233310.4;580525.9;622721;111562;1498875.6;959470.8;403791.3;39241.7;6519.3;89852.5
2022-11-01;1798108.5;260282.3;590490.7;623032.4;324303.1;1411361.9;841095.4;427591.1;64739.3;4367.6;73568.5
2022-12-01;2207015.5;377209.1;899349.8;616178.2;314278.4;1679779.2;1054116.3;463621.1;38794.7;12373.6;110873.5
2023-01-01;2106081.5;340905.4;710893.3;655528;398754.8;1723132.7;932920.6;651670.6;61497.5;5422.7;71621.3
2023-02-01;1879443.5;292536.5;667447.5;555625.9;363833.6;1570320.5;874903.9;542478.6;46732.2;5191;101014.8
2023-03-01;1946132.5;328486.8;745573.3;648748.8;223323.6;1726751.5;982825.4;573487.5;43077.1;9210.4;118151.1
2023-04-01;2096709.9;344874.6;794431.2;768768.2;188635.9;1866311;1069273.9;628287.5;55922.4;2966.2;109861
2023-05-01;2700677.2;388869.9;818072.1;964570.1;529165.1;2311550.9;1369875.1;679248.8;62760.9;19136.3;180529.8
2023-06-01;3038709.3;453180.9;1366545.2;977878.5;241104.7;2584050.9;1642529.3;691525.8;69499.3;17320.7;163175.8
2023-07-01;3193254.4;599722.8;970254.5;1078063.3;545213.8;2701696.4;1406821.8;1005256.6;100378.8;14202.4;175036.8
2023-08-01;3137139.8;535359;1037055.1;1156718.4;408007.3;3018176.6;1870736.1;845797.8;89321.2;20943.3;191378.2
2023-09-01;3344062.6;568456.8;1186004.3;1357472.5;232129;3209877.5;1999779.4;862116.9;79585.6;7814.1;260581.5
2023-10-01;3650134.2;631537.5;1234162.2;1551844.6;232589.9;3494598.9;2170339;910489.5;120594.1;7685.4;285490.9
2023-11-01;4258197;695623.1;1281555.6;1652748.7;628269.6;3885903.9;2106956.6;1059419.5;399257;12071.4;308199.4
2023-12-01;6317749.7;1196091;2102195.8;2485648.2;533814.7;4227081.1;2578599;1169986.9;101734.5;11967.8;364792.9
